-- =====================================================
-- FILE 1: CUSTOMERS DATA - 50 khách hàng + 60 địa chỉ
-- Tạo dữ liệu 50 khách hàng mua hàng trong 1 năm qua
-- =====================================================

-- Thêm 60 địa chỉ mới cho khách hàng (address_id từ 21-80)
INSERT INTO addresses (address_id, street_name, ward_name, city_name, country_name) VALUES
(21, '123 Nguyễn Huệ', 'Bến Nghé', 'Thành phố Hồ Chí Minh', 'Việt Nam'),
(22, '456 Lý Tự Trọng', 'Bến Thành', 'Thành phố Hồ Chí Minh', 'Việt Nam'),
(23, '789 Hai Bà Trưng', 'Tân Định', 'Thành phố Hồ Chí Minh', 'Việt Nam'),
(24, '321 Điện Biên Phủ', 'Phường 15', 'Thành phố Hồ Chí Minh', 'Việt Nam'),
(25, '654 Cách Mạng Tháng 8', 'Phường 10', 'Thành phố Hồ Chí Minh', 'Việt Nam'),
(26, '987 Võ Văn Tần', 'Phường 6', 'Thành phố Hồ Chí Minh', 'Việt Nam'),
(27, '147 Ba Tháng Hai', 'Phường 11', 'Thành phố Hồ Chí Minh', 'Việt Nam'),
(28, '258 Nguyễn Đình Chiểu', 'Phường 6', 'Thành phố Hồ Chí Minh', 'Việt Nam'),
(29, '369 Trần Quốc Thảo', 'Phường 7', 'Thành phố Hồ Chí Minh', 'Việt Nam'),
(30, '741 Lê Văn Sỹ', 'Phường 14', 'Thành phố Hồ Chí Minh', 'Việt Nam'),
(31, '15 Phố Huế', 'Ngô Thì Nhậm', 'Hà Nội', 'Việt Nam'),
(32, '28 Hàng Bài', 'Tràng Tiền', 'Hà Nội', 'Việt Nam'),
(33, '45 Bà Triệu', 'Hàng Bài', 'Hà Nội', 'Việt Nam'),
(34, '67 Đinh Tiên Hoàng', 'Hàng Trống', 'Hà Nội', 'Việt Nam'),
(35, '89 Lý Thường Kiệt', 'Cửa Nam', 'Hà Nội', 'Việt Nam'),
(36, '102 Trần Nhân Tông', 'Nguyễn Du', 'Hà Nội', 'Việt Nam'),
(37, '234 Kim Mã', 'Kim Mã', 'Hà Nội', 'Việt Nam'),
(38, '456 Láng Hạ', 'Láng Hạ', 'Hà Nội', 'Việt Nam'),
(39, '678 Nguyễn Chí Thanh', 'Láng Thượng', 'Hà Nội', 'Việt Nam'),
(40, '890 Xuân Thủy', 'Dịch Vọng Hậu', 'Hà Nội', 'Việt Nam'),
(41, '12 Hùng Vương', 'Hải Châu 1', 'Đà Nẵng', 'Việt Nam'),
(42, '34 Nguyễn Văn Linh', 'Nam Dương', 'Đà Nẵng', 'Việt Nam'),
(43, '56 Lê Duẩn', 'Hải Châu 2', 'Đà Nẵng', 'Việt Nam'),
(44, '78 Trần Phú', 'Thạch Thang', 'Đà Nẵng', 'Việt Nam'),
(45, '90 Phan Châu Trinh', 'Phước Ninh', 'Đà Nẵng', 'Việt Nam'),
(46, '123 Bạch Đằng', 'Thạch Thang', 'Đà Nẵng', 'Việt Nam'),
(47, '456 Hoàng Diệu', 'Bình Hiên', 'Đà Nẵng', 'Việt Nam'),
(48, '789 Ông Ích Khiêm', 'Hải Châu 1', 'Đà Nẵng', 'Việt Nam'),
(49, '321 Hải Phòng', 'Thạch Thang', 'Đà Nẵng', 'Việt Nam'),
(50, '654 Yên Bái', 'Phước Ninh', 'Đà Nẵng', 'Việt Nam'),
(51, '15 Trần Hưng Đạo', 'An Hải Bắc', 'Đà Nẵng', 'Việt Nam'),
(52, '28 Ngô Quyền', 'An Hải Tây', 'Đà Nẵng', 'Việt Nam'),
(53, '45 Lê Lợi', 'Vĩnh Trung', 'Đà Nẵng', 'Việt Nam'),
(54, '67 Nguyễn Tri Phương', 'Chính Gián', 'Đà Nẵng', 'Việt Nam'),
(55, '89 Điện Biên Phủ', 'Chính Gián', 'Đà Nẵng', 'Việt Nam'),
(56, '123 Lê Hồng Phong', 'Phước Ninh', 'Đà Nẵng', 'Việt Nam'),
(57, '456 Núi Thành', 'Hòa Cường Bắc', 'Đà Nẵng', 'Việt Nam'),
(58, '789 Nguyễn Hữu Thọ', 'Khuê Trung', 'Đà Nẵng', 'Việt Nam'),
(59, '321 Trường Chinh', 'An Khê', 'Đà Nẵng', 'Việt Nam'),
(60, '654 Tôn Đức Thắng', 'Hòa Minh', 'Đà Nẵng', 'Việt Nam'),
(61, '18 Nguyễn Huệ', 'Bến Nghé', 'Thành phố Hồ Chí Minh', 'Việt Nam'),
(62, '29 Pasteur', 'Bến Nghé', 'Thành phố Hồ Chí Minh', 'Việt Nam'),
(63, '37 Đồng Khởi', 'Bến Nghé', 'Thành phố Hồ Chí Minh', 'Việt Nam'),
(64, '48 Mạc Thị Bưởi', 'Bến Nghé', 'Thành phố Hồ Chí Minh', 'Việt Nam'),
(65, '55 Nguyễn Bỉnh Khiêm', 'Bến Nghé', 'Thành phố Hồ Chí Minh', 'Việt Nam'),
(66, '62 Hàm Nghi', 'Nguyễn Thái Bình', 'Thành phố Hồ Chí Minh', 'Việt Nam'),
(67, '73 Phạm Hồng Thái', 'Bến Thành', 'Thành phố Hồ Chí Minh', 'Việt Nam'),
(68, '84 Lê Thánh Tôn', 'Bến Nghé', 'Thành phố Hồ Chí Minh', 'Việt Nam'),
(69, '95 Thủ Khoa Huân', 'Bến Thành', 'Thành phố Hồ Chí Minh', 'Việt Nam'),
(70, '106 Nguyễn An Ninh', 'Bến Thành', 'Thành phố Hồ Chí Minh', 'Việt Nam'),
(71, '15 Tràng Tiền', 'Tràng Tiền', 'Hà Nội', 'Việt Nam'),
(72, '26 Nhà Thờ', 'Hàng Trống', 'Hà Nội', 'Việt Nam'),
(73, '37 Hàng Gai', 'Hàng Gai', 'Hà Nội', 'Việt Nam'),
(74, '48 Hàng Đào', 'Hàng Đào', 'Hà Nội', 'Việt Nam'),
(75, '59 Hàng Ngang', 'Hàng Đào', 'Hà Nội', 'Việt Nam'),
(76, '60 Lương Văn Can', 'Hàng Gai', 'Hà Nội', 'Việt Nam'),
(77, '71 Hàng Bông', 'Hàng Bông', 'Hà Nội', 'Việt Nam'),
(78, '82 Cầu Gỗ', 'Hàng Bạc', 'Hà Nội', 'Việt Nam'),
(79, '93 Mã Mây', 'Hàng Buồm', 'Hà Nội', 'Việt Nam'),
(80, '104 Lương Ngọc Quyến', 'Hàng Buồm', 'Hà Nội', 'Việt Nam');

-- Thêm 50 khách hàng mới (user_id từ 2-51)
-- Password được mã hóa bcrypt cho '123456'
INSERT INTO users (user_id, name, email, password, auth_provider, activate_id, user_active) VALUES
(2, 'Nguyễn Văn An', 'nguyenvanan@gmail.com', '$2a$10$/4Qgqo2DnrPiOroG4OK6beG1QN/zGN6fMp8RdTya9c6m/heUeBzIO', 'LOCAL', NULL, TRUE),
(3, 'Trần Thị Bình', 'tranthibibnh@gmail.com', '$2a$10$/4Qgqo2DnrPiOroG4OK6beG1QN/zGN6fMp8RdTya9c6m/heUeBzIO', 'LOCAL', NULL, TRUE),
(4, 'Lê Văn Cường', 'levancuong@gmail.com', '$2a$10$/4Qgqo2DnrPiOroG4OK6beG1QN/zGN6fMp8RdTya9c6m/heUeBzIO', 'LOCAL', NULL, TRUE),
(5, 'Phạm Thị Dung', 'phamthidung@gmail.com', '$2a$10$/4Qgqo2DnrPiOroG4OK6beG1QN/zGN6fMp8RdTya9c6m/heUeBzIO', 'LOCAL', NULL, TRUE),
(6, 'Hoàng Văn Em', 'hoangvanem@gmail.com', '$2a$10$/4Qgqo2DnrPiOroG4OK6beG1QN/zGN6fMp8RdTya9c6m/heUeBzIO', 'LOCAL', NULL, TRUE),
(7, 'Ngô Thị Phượng', 'ngothiphuong@gmail.com', '$2a$10$/4Qgqo2DnrPiOroG4OK6beG1QN/zGN6fMp8RdTya9c6m/heUeBzIO', 'LOCAL', NULL, TRUE),
(8, 'Vũ Văn Giang', 'vuvangiang@gmail.com', '$2a$10$/4Qgqo2DnrPiOroG4OK6beG1QN/zGN6fMp8RdTya9c6m/heUeBzIO', 'LOCAL', NULL, TRUE),
(9, 'Đặng Thị Hoa', 'dangthihoa@gmail.com', '$2a$10$/4Qgqo2DnrPiOroG4OK6beG1QN/zGN6fMp8RdTya9c6m/heUeBzIO', 'LOCAL', NULL, TRUE),
(10, 'Bùi Văn Khang', 'buivankhang@gmail.com', '$2a$10$/4Qgqo2DnrPiOroG4OK6beG1QN/zGN6fMp8RdTya9c6m/heUeBzIO', 'LOCAL', NULL, TRUE),
(11, 'Đỗ Thị Lan', 'dothilan@gmail.com', '$2a$10$/4Qgqo2DnrPiOroG4OK6beG1QN/zGN6fMp8RdTya9c6m/heUeBzIO', 'LOCAL', NULL, TRUE),
(12, 'Lý Văn Minh', 'lyvanminh@gmail.com', '$2a$10$/4Qgqo2DnrPiOroG4OK6beG1QN/zGN6fMp8RdTya9c6m/heUeBzIO', 'LOCAL', NULL, TRUE),
(13, 'Trương Thị Ngọc', 'truongthingoc@gmail.com', '$2a$10$/4Qgqo2DnrPiOroG4OK6beG1QN/zGN6fMp8RdTya9c6m/heUeBzIO', 'LOCAL', NULL, TRUE),
(14, 'Đinh Văn Phúc', 'dinhvanphuc@gmail.com', '$2a$10$/4Qgqo2DnrPiOroG4OK6beG1QN/zGN6fMp8RdTya9c6m/heUeBzIO', 'LOCAL', NULL, TRUE),
(15, 'Hồ Thị Quỳnh', 'hothiquynh@gmail.com', '$2a$10$/4Qgqo2DnrPiOroG4OK6beG1QN/zGN6fMp8RdTya9c6m/heUeBzIO', 'LOCAL', NULL, TRUE),
(16, 'Phan Văn Sơn', 'phanvanson@gmail.com', '$2a$10$/4Qgqo2DnrPiOroG4OK6beG1QN/zGN6fMp8RdTya9c6m/heUeBzIO', 'LOCAL', NULL, TRUE),
(17, 'Mai Thị Tuyết', 'maithituyet@gmail.com', '$2a$10$/4Qgqo2DnrPiOroG4OK6beG1QN/zGN6fMp8RdTya9c6m/heUeBzIO', 'LOCAL', NULL, TRUE),
(18, 'Trịnh Văn Uy', 'trinhvanuy@gmail.com', '$2a$10$/4Qgqo2DnrPiOroG4OK6beG1QN/zGN6fMp8RdTya9c6m/heUeBzIO', 'LOCAL', NULL, TRUE),
(19, 'Lâm Thị Vân', 'lamthivan@gmail.com', '$2a$10$/4Qgqo2DnrPiOroG4OK6beG1QN/zGN6fMp8RdTya9c6m/heUeBzIO', 'LOCAL', NULL, TRUE),
(20, 'Cao Văn Xuân', 'caovanxuan@gmail.com', '$2a$10$/4Qgqo2DnrPiOroG4OK6beG1QN/zGN6fMp8RdTya9c6m/heUeBzIO', 'LOCAL', NULL, TRUE),
(21, 'Tạ Thị Yến', 'tathiyen@gmail.com', '$2a$10$/4Qgqo2DnrPiOroG4OK6beG1QN/zGN6fMp8RdTya9c6m/heUeBzIO', 'LOCAL', NULL, TRUE),
(22, 'Dương Văn Bảo', 'duongvanbao@gmail.com', '$2a$10$/4Qgqo2DnrPiOroG4OK6beG1QN/zGN6fMp8RdTya9c6m/heUeBzIO', 'LOCAL', NULL, TRUE),
(23, 'Châu Thị Chi', 'chauthichi@gmail.com', '$2a$10$/4Qgqo2DnrPiOroG4OK6beG1QN/zGN6fMp8RdTya9c6m/heUeBzIO', 'LOCAL', NULL, TRUE),
(24, 'La Văn Đạt', 'lavandat@gmail.com', '$2a$10$/4Qgqo2DnrPiOroG4OK6beG1QN/zGN6fMp8RdTya9c6m/heUeBzIO', 'LOCAL', NULL, TRUE),
(25, 'Tô Thị Hạnh', 'tothihanh@gmail.com', '$2a$10$/4Qgqo2DnrPiOroG4OK6beG1QN/zGN6fMp8RdTya9c6m/heUeBzIO', 'LOCAL', NULL, TRUE),
(26, 'Kiều Văn Hùng', 'kieuvanhung@gmail.com', '$2a$10$/4Qgqo2DnrPiOroG4OK6beG1QN/zGN6fMp8RdTya9c6m/heUeBzIO', 'LOCAL', NULL, TRUE),
(27, 'Nghiêm Thị Linh', 'nghiemthilinh@gmail.com', '$2a$10$/4Qgqo2DnrPiOroG4OK6beG1QN/zGN6fMp8RdTya9c6m/heUeBzIO', 'LOCAL', NULL, TRUE),
(28, 'Triệu Văn Nam', 'trieuvannam@gmail.com', '$2a$10$/4Qgqo2DnrPiOroG4OK6beG1QN/zGN6fMp8RdTya9c6m/heUeBzIO', 'LOCAL', NULL, TRUE),
(29, 'Ông Thị Oanh', 'ongthioanh@gmail.com', '$2a$10$/4Qgqo2DnrPiOroG4OK6beG1QN/zGN6fMp8RdTya9c6m/heUeBzIO', 'LOCAL', NULL, TRUE),
(30, 'Quách Văn Phong', 'quachvanphong@gmail.com', '$2a$10$/4Qgqo2DnrPiOroG4OK6beG1QN/zGN6fMp8RdTya9c6m/heUeBzIO', 'LOCAL', NULL, TRUE),
(31, 'Thái Thị Quy', 'thaithiquy@gmail.com', '$2a$10$/4Qgqo2DnrPiOroG4OK6beG1QN/zGN6fMp8RdTya9c6m/heUeBzIO', 'LOCAL', NULL, TRUE),
(32, 'Tống Văn Rồng', 'tongvanrong@gmail.com', '$2a$10$/4Qgqo2DnrPiOroG4OK6beG1QN/zGN6fMp8RdTya9c6m/heUeBzIO', 'LOCAL', NULL, TRUE),
(33, 'Từ Thị Sen', 'tuthisen@gmail.com', '$2a$10$/4Qgqo2DnrPiOroG4OK6beG1QN/zGN6fMp8RdTya9c6m/heUeBzIO', 'LOCAL', NULL, TRUE),
(34, 'Văn Công Toàn', 'vancongtoan@gmail.com', '$2a$10$/4Qgqo2DnrPiOroG4OK6beG1QN/zGN6fMp8RdTya9c6m/heUeBzIO', 'LOCAL', NULL, TRUE),
(35, 'Uông Thị Uyên', 'uongthiuyen@gmail.com', '$2a$10$/4Qgqo2DnrPiOroG4OK6beG1QN/zGN6fMp8RdTya9c6m/heUeBzIO', 'LOCAL', NULL, TRUE),
(36, 'Xã Văn Vinh', 'xavanvinh@gmail.com', '$2a$10$/4Qgqo2DnrPiOroG4OK6beG1QN/zGN6fMp8RdTya9c6m/heUeBzIO', 'LOCAL', NULL, TRUE),
(37, 'Yên Thị Xuyến', 'yenthixuyen@gmail.com', '$2a$10$/4Qgqo2DnrPiOroG4OK6beG1QN/zGN6fMp8RdTya9c6m/heUeBzIO', 'LOCAL', NULL, TRUE),
(38, 'An Văn Anh', 'anvananh@gmail.com', '$2a$10$/4Qgqo2DnrPiOroG4OK6beG1QN/zGN6fMp8RdTya9c6m/heUeBzIO', 'LOCAL', NULL, TRUE),
(39, 'Bạch Thị Bích', 'bachthibich@gmail.com', '$2a$10$/4Qgqo2DnrPiOroG4OK6beG1QN/zGN6fMp8RdTya9c6m/heUeBzIO', 'LOCAL', NULL, TRUE),
(40, 'Cù Văn Cảnh', 'cuvancanh@gmail.com', '$2a$10$/4Qgqo2DnrPiOroG4OK6beG1QN/zGN6fMp8RdTya9c6m/heUeBzIO', 'LOCAL', NULL, TRUE),
(41, 'Doãn Thị Diễm', 'doanthidiem@gmail.com', '$2a$10$/4Qgqo2DnrPiOroG4OK6beG1QN/zGN6fMp8RdTya9c6m/heUeBzIO', 'LOCAL', NULL, TRUE),
(42, 'Gia Văn Giáp', 'giavangiap@gmail.com', '$2a$10$/4Qgqo2DnrPiOroG4OK6beG1QN/zGN6fMp8RdTya9c6m/heUeBzIO', 'LOCAL', NULL, TRUE),
(43, 'Hà Thị Hiền', 'hathihien@gmail.com', '$2a$10$/4Qgqo2DnrPiOroG4OK6beG1QN/zGN6fMp8RdTya9c6m/heUeBzIO', 'LOCAL', NULL, TRUE),
(44, 'Khổng Văn Khoa', 'khongvankhoa@gmail.com', '$2a$10$/4Qgqo2DnrPiOroG4OK6beG1QN/zGN6fMp8RdTya9c6m/heUeBzIO', 'LOCAL', NULL, TRUE),
(45, 'Liêu Thị Liên', 'lieuthilien@gmail.com', '$2a$10$/4Qgqo2DnrPiOroG4OK6beG1QN/zGN6fMp8RdTya9c6m/heUeBzIO', 'LOCAL', NULL, TRUE),
(46, 'Mạc Văn Mạnh', 'macvanmanh@gmail.com', '$2a$10$/4Qgqo2DnrPiOroG4OK6beG1QN/zGN6fMp8RdTya9c6m/heUeBzIO', 'LOCAL', NULL, TRUE),
(47, 'Ninh Thị Nhung', 'ninthinhung@gmail.com', '$2a$10$/4Qgqo2DnrPiOroG4OK6beG1QN/zGN6fMp8RdTya9c6m/heUeBzIO', 'LOCAL', NULL, TRUE),
(48, 'Ôn Văn Phát', 'onvanphat@gmail.com', '$2a$10$/4Qgqo2DnrPiOroG4OK6beG1QN/zGN6fMp8RdTya9c6m/heUeBzIO', 'LOCAL', NULL, TRUE),
(49, 'Phi Thị Thảo', 'phithithao@gmail.com', '$2a$10$/4Qgqo2DnrPiOroG4OK6beG1QN/zGN6fMp8RdTya9c6m/heUeBzIO', 'LOCAL', NULL, TRUE),
(50, 'Sơn Văn Sáng', 'sonvansang@gmail.com', '$2a$10$/4Qgqo2DnrPiOroG4OK6beG1QN/zGN6fMp8RdTya9c6m/heUeBzIO', 'LOCAL', NULL, TRUE),
(51, 'Thiều Thị Thanh', 'thieuthithanh@gmail.com', '$2a$10$/4Qgqo2DnrPiOroG4OK6beG1QN/zGN6fMp8RdTya9c6m/heUeBzIO', 'LOCAL', NULL, TRUE);

-- Gán role ROLE_USER cho tất cả khách hàng mới
INSERT INTO user_role (user_id, role_id) VALUES
(2, 2), (3, 2), (4, 2), (5, 2), (6, 2), (7, 2), (8, 2), (9, 2), (10, 2),
(11, 2), (12, 2), (13, 2), (14, 2), (15, 2), (16, 2), (17, 2), (18, 2), (19, 2), (20, 2),
(21, 2), (22, 2), (23, 2), (24, 2), (25, 2), (26, 2), (27, 2), (28, 2), (29, 2), (30, 2),
(31, 2), (32, 2), (33, 2), (34, 2), (35, 2), (36, 2), (37, 2), (38, 2), (39, 2), (40, 2),
(41, 2), (42, 2), (43, 2), (44, 2), (45, 2), (46, 2), (47, 2), (48, 2), (49, 2), (50, 2), (51, 2);

-- Gán địa chỉ cho khách hàng (mỗi khách hàng có 1 địa chỉ)
INSERT INTO user_address (user_id, address_id) VALUES
(2, 21), (3, 22), (4, 23), (5, 24), (6, 25), (7, 26), (8, 27), (9, 28), (10, 29), (11, 30),
(12, 31), (13, 32), (14, 33), (15, 34), (16, 35), (17, 36), (18, 37), (19, 38), (20, 39), (21, 40),
(22, 41), (23, 42), (24, 43), (25, 44), (26, 45), (27, 46), (28, 47), (29, 48), (30, 49), (31, 50),
(32, 51), (33, 52), (34, 53), (35, 54), (36, 55), (37, 56), (38, 57), (39, 58), (40, 59), (41, 60),
(42, 61), (43, 62), (44, 63), (45, 64), (46, 65), (47, 66), (48, 67), (49, 68), (50, 69), (51, 70);

-- Cập nhật sequence cho address_id và user_id (PostgreSQL)
SELECT setval('addresses_address_id_seq', 80, true);
SELECT setval('users_user_id_seq', 51, true);
